INSERT IGNORE INTO `sigedb`.`estado_usuario` (`id`, `nombre`) VALUES ('1', 'Activo');
INSERT IGNORE INTO `sigedb`.`estado_usuario` (`id`, `nombre`) VALUES ('2', 'Bloqueado');
INSERT IGNORE INTO `sigedb`.`estado_usuario` (`id`, `nombre`) VALUES ('3', 'Moroso');
INSERT IGNORE INTO `sigedb`.`rol_usuario` (`id`, `detalle_tipo_usuario`, `gestion_materias`, `gestion_periodos`, `gestion_anios`, `gestion_usuarios`, `gestion_plantillas_informes`, `acceso_informes_usuarios`, `gestion_notas`, `acceso_informes_notas`, `acceso_mensajeria`, `consulta_asistencia`, `modifica_asistencia`) VALUES ('1', 'Administrador', '1', '1', '1', '1', '1', '1', '1', '1', '1', '1', '1');
INSERT IGNORE INTO `sigedb`.`rol_usuario` (`id`, `detalle_tipo_usuario`, `gestion_materias`, `gestion_periodos`, `gestion_anios`, `gestion_usuarios`, `gestion_plantillas_informes`, `acceso_informes_usuarios`, `gestion_notas`, `acceso_informes_notas`, `acceso_mensajeria`, `consulta_asistencia`, `modifica_asistencia`) VALUES ('2', 'Docente', '1', '1', '1', '1', '1', '1', '1', '1', '1', '1', '1');
INSERT IGNORE INTO `sigedb`.`rol_usuario` (`id`, `detalle_tipo_usuario`, `gestion_materias`, `gestion_periodos`, `gestion_anios`, `gestion_usuarios`, `gestion_plantillas_informes`, `acceso_informes_usuarios`, `gestion_notas`, `acceso_informes_notas`, `acceso_mensajeria`, `consulta_asistencia`, `modifica_asistencia`) VALUES ('3', 'Estudiante', '1', '1', '1', '1', '1', '1', '1', '1', '1', '1', '1');
INSERT IGNORE INTO `sigedb`.`rol_usuario` (`id`, `detalle_tipo_usuario`, `gestion_materias`, `gestion_periodos`, `gestion_anios`, `gestion_usuarios`, `gestion_plantillas_informes`, `acceso_informes_usuarios`, `gestion_notas`, `acceso_informes_notas`, `acceso_mensajeria`, `consulta_asistencia`, `modifica_asistencia`) VALUES ('4', 'Coordinador', '1', '1', '1', '1', '1', '1', '1', '1', '1', '1', '1');
INSERT IGNORE INTO `sigedb`.`users` (`id`, `name`, `apellido1`, `apellido2`, `email`, `password`, `cedula`, `id_estado`, `id_rol_usuario`) VALUES ('1', 'Jose Luis', 'Alvarado', 'Monge', 'alvarado.monge@hotmail.com', '$2y$10$d67GjMKx1hyGufjiJYEW9uZkvevJKPsPWpxavOQ.X7XZn/qPcsxEy', '1', '1', '1');
INSERT IGNORE INTO `sigedb`.`users` (`id`, `name`, `apellido1`, `apellido2`, `email`, `password`, `cedula`, `id_estado`, `id_rol_usuario`) VALUES ('3', 'Hector', 'Barrantes', 'Peralta', 'hector.barrantes@nuevageneracion.ed.cr', '$2y$10$jp6FJny168SaSZSwxt9.ZO0e5hu6g9g.ikCqG7rjFbolM.auKYX.i', '1', '1', '1');
INSERT IGNORE INTO `sigedb`.`users` (`id`, `name`, `apellido1`, `apellido2`, `email`, `password`, `cedula`, `id_estado`, `id_rol_usuario`) VALUES ('5', 'Steven', 'Campos', 'Perez', 'steven.campos@nuevageneracion.ed.cr', '$2y$10$OPF4jC1sZQF2uDkUydhCEe2TL/k5GnrEF/52OBa2Lek4hPlaZ32CW', '1', '1', '2');
INSERT IGNORE INTO `sigedb`.`users` (`id`, `name`, `apellido1`, `apellido2`, `email`, `password`, `cedula`, `id_estado`, `id_rol_usuario`) VALUES ('6', 'Test', 'Nueva', 'Generación', 'test@nuevageneracion.ed.cr', '$2y$10$dbTLgTVJ/k4fcOW4sUGTlespHuS.U9hfKltHk1BEE95TRFVGp881O', '1', '1', '3');
INSERT IGNORE INTO `sigedb`.`users` (`id`, `name`, `apellido1`, `apellido2`, `email`, `password`, `cedula`, `id_estado`, `id_rol_usuario`) VALUES ('7', 'Jose', 'Rojas', 'Rojas', 'jose.rojas@nuevageneracion.ed.cr', '$2y$10$vWw.uRkSYeZosNN.HgO4uObucANW/67pR8DObWBuaG2wsmcSahJKe', '1', '1', '4');
INSERT IGNORE INTO `sigedb`.`anio_lectivo` (`id`, `nombre`) VALUES ('1', '2021');
INSERT IGNORE INTO `sigedb`.`anio_lectivo` (`id`, `nombre`) VALUES ('2', '2020');
INSERT IGNORE INTO `sigedb`.`estado_materia` (`id`, `nombre`) VALUES ('1', 'Activo');
INSERT IGNORE INTO `sigedb`.`estado_materia` (`id`, `nombre`) VALUES ('2', 'Bloqueado');
INSERT IGNORE INTO `sigedb`.`estado_materia` (`id`, `nombre`) VALUES ('3', 'Finalizado');
INSERT IGNORE INTO `sigedb`.`categoria_materia` (`id`, `nombre`) VALUES ('1', 'Materias Básicas');
INSERT IGNORE INTO `sigedb`.`categoria_materia` (`id`, `nombre`) VALUES ('2', 'Materias Especiales');
INSERT IGNORE INTO `sigedb`.`categoria_materia` (`id`, `nombre`) VALUES ('3', 'English Language Subjects');
INSERT IGNORE INTO `sigedb`.`periodo` (`id`, `nombre`,`id_anio`,`activo`,`valor_porcentual`,`es_final`) VALUES ('1', 'I Bimestre','1','1','25','0');
INSERT IGNORE INTO `sigedb`.`periodo` (`id`, `nombre`,`id_anio`,`activo`,`valor_porcentual`,`es_final`) VALUES ('2', 'II Bimestre','1','1','25','0');
INSERT IGNORE INTO `sigedb`.`periodo` (`id`, `nombre`,`id_anio`,`activo`,`valor_porcentual`,`es_final`) VALUES ('3', 'III Bimestre','1','1','25','0');
INSERT IGNORE INTO `sigedb`.`periodo` (`id`, `nombre`,`id_anio`,`activo`,`valor_porcentual`,`es_final`) VALUES ('4', 'IV Bimestre','1','1','25','1');
INSERT IGNORE INTO `sigedb`.`grupo_guia` (`id`, `nombre`,`id_periodo`) VALUES ('1', '7-1','1');
INSERT IGNORE INTO `sigedb`.`grupo_guia` (`id`, `nombre`,`id_periodo`) VALUES ('2', '7-2','3');
INSERT IGNORE INTO `sigedb`.`materia` (`id`, `nombre`,`id_grupo_guia`) VALUES ('1', 'Matemáticas','1');
INSERT IGNORE INTO `sigedb`.`materia` (`id`, `nombre`,`id_grupo_guia`) VALUES ('2', 'Español','1');
INSERT IGNORE INTO `sigedb`.`materia` (`id`, `nombre`,`id_grupo_guia`) VALUES ('3', 'Matemáticas','2');
INSERT IGNORE INTO `sigedb`.`escala_cualitativa` (`id`, `nombre`) VALUES ('1', 'No es Cualitativo');
INSERT IGNORE INTO `sigedb`.`escala_cualitativa` (`id`, `nombre`) VALUES ('2', 'Preescolar CENG');
INSERT IGNORE INTO `sigedb`.`escala_cualitativa` (`id`, `nombre`) VALUES ('3', 'CENG Cualitativo Mat Esp');
INSERT IGNORE INTO `sigedb`.`rubro` (`id`, `nombre`, `valor_porcentual`) VALUES ('1', 'Trabajo Cotidiano', '15');
INSERT IGNORE INTO `sigedb`.`rubro` (`id`, `nombre`, `valor_porcentual`) VALUES ('2', 'Trabajo Extraclase', '15');
INSERT IGNORE INTO `sigedb`.`rubro` (`id`, `nombre`, `valor_porcentual`) VALUES ('3', 'Presentación Personal', '5');
INSERT IGNORE INTO `sigedb`.`rubro` (`id`, `nombre`, `valor_porcentual`) VALUES ('4', 'Proyecto', '20');
INSERT IGNORE INTO `sigedb`.`rubro` (`id`, `nombre`, `valor_porcentual`) VALUES ('5', 'Prueba', '35');
INSERT IGNORE INTO `sigedb`.`rubro` (`id`, `nombre`, `valor_porcentual`) VALUES ('6', 'Actividades de repaso', '10');
INSERT IGNORE INTO `sigedb`.`asignacion` (`id`, `nombre`, `valor_porcentual`, `id_rubro`, `id_escala_cualitativa`) VALUES ('1', 'Trabajo 1', '7.5', '1',NULL);
INSERT IGNORE INTO `sigedb`.`asignacion` (`id`, `nombre`, `valor_porcentual`, `id_rubro`, `id_escala_cualitativa`) VALUES ('2', 'Trabajo 2', '5', '1', NULL);
INSERT IGNORE INTO `sigedb`.`asignacion` (`id`, `nombre`, `valor_porcentual`, `id_rubro`, `id_escala_cualitativa`) VALUES ('3', 'Extra clase 1', '8', '2', NULL);
INSERT IGNORE INTO `sigedb`.`asignacion` (`id`, `nombre`, `valor_porcentual`, `id_rubro`, `id_escala_cualitativa`) VALUES ('4', 'Extra clase 2', '7', '2', NULL);
INSERT IGNORE INTO `sigedb`.`asignacion` (`id`, `nombre`, `valor_porcentual`, `id_rubro`, `id_escala_cualitativa`) VALUES ('5', 'Presentación personal', '5', '3', NULL);
INSERT IGNORE INTO `sigedb`.`asignacion` (`id`, `nombre`, `valor_porcentual`, `id_rubro`, `id_escala_cualitativa`) VALUES ('6', 'Proyecto', '10', '4', NULL);
INSERT IGNORE INTO `sigedb`.`asignacion` (`id`, `nombre`, `valor_porcentual`, `id_rubro`, `id_escala_cualitativa`) VALUES ('7', 'Difusión', '5', '4', NULL);
INSERT IGNORE INTO `sigedb`.`asignacion` (`id`, `nombre`, `valor_porcentual`, `id_rubro`, `id_escala_cualitativa`) VALUES ('8', 'Reflexión', '5', '4', NULL);
INSERT IGNORE INTO `sigedb`.`asignacion` (`id`, `nombre`, `valor_porcentual`, `id_rubro`, `id_escala_cualitativa`) VALUES ('9', 'Actividad 1', '5', '6', NULL);
INSERT IGNORE INTO `sigedb`.`asignacion` (`id`, `nombre`, `valor_porcentual`, `id_rubro`, `id_escala_cualitativa`) VALUES ('10', 'Actividad 2', '5', '6', NULL);
INSERT IGNORE INTO `sigedb`.`asignacion` (`id`, `nombre`, `valor_porcentual`, `id_rubro`, `id_escala_cualitativa`) VALUES ('11', 'Evaluación Virtual', '35', '5', NULL);